{"cameraMode":{"drawMode":0,"name":"Shaded","section":"Shading Mode"},"sceneLighting":true,"audioPlay":false,"sceneViewState":{"m_AlwaysRefresh":false,"showFog":true,"showSkybox":true,"showFlares":true,"showImageEffects":true,"showParticleSystems":true,"showVisualEffectGraphs":true,"m_FxEnabled":true},"in2DMode":false,"pivot":{"x":8.15970230102539,"y":11.621673583984375,"z":-34.76895523071289},"rotation":{"x":0.0024046157486736776,"y":0.018742848187685014,"z":-0.00038326563662849367,"w":-0.9999823570251465},"size":17.38495635986328,"orthographic":false}